PRODUCTS/benat/oil-applicator-scalp-massager/01.jpg	https://cdn.shopify.com/s/files/1/0550/5351/6970/files/Electric_oil_applicator_main.jpg
PRODUCTS/benat/oil-applicator-scalp-massager/02.jpg	https://cdn.shopify.com/s/files/1/0550/5351/6970/files/Electric_oil_applicator-01.jpg
PRODUCTS/benat/oil-applicator-scalp-massager/03.jpg	https://cdn.shopify.com/s/files/1/0550/5351/6970/files/Electric_oil_applicator-02.jpg
PRODUCTS/benat/oil-applicator-scalp-massager/04.jpg	https://cdn.shopify.com/s/files/1/0550/5351/6970/files/Electric_oil_applicator-03.jpg
PRODUCTS/benat/oil-applicator-scalp-massager/05.jpg	https://cdn.shopify.com/s/files/1/0550/5351/6970/files/Electric_oil_applicator-04.jpg
PRODUCTS/benat/oil-applicator-scalp-massager/06.jpg	https://cdn.shopify.com/s/files/1/0550/5351/6970/files/Electric_oil_applicator-05.jpg
PRODUCTS/benat/oil-applicator-scalp-massager/07.png	https://cdn.shopify.com/s/files/1/0550/5351/6970/files/7.png
PRODUCTS/benat/oil-applicator-scalp-massager/08.png	https://cdn.shopify.com/s/files/1/0550/5351/6970/files/9.png
PRODUCTS/benat/smart-scalp-massager/01.jpg	https://cdn.shopify.com/s/files/1/0550/5351/6970/files/BeNatsmartscalpmassager.jpg
PRODUCTS/benat/smart-scalp-massager/02.jpg	https://cdn.shopify.com/s/files/1/0550/5351/6970/files/benatscalpmassage1.jpg
PRODUCTS/benat/smart-scalp-massager/03.jpg	https://cdn.shopify.com/s/files/1/0550/5351/6970/files/benatscalpmassage2.jpg
PRODUCTS/benat/smart-scalp-massager/04.jpg	https://cdn.shopify.com/s/files/1/0550/5351/6970/files/benatscalpmassage3.jpg
PRODUCTS/benat/smart-scalp-massager/05.jpg	https://cdn.shopify.com/s/files/1/0550/5351/6970/files/benatscalpmassage4.jpg
PRODUCTS/benat/smart-scalp-massager/06.jpg	https://cdn.shopify.com/s/files/1/0550/5351/6970/files/2..jpg
PRODUCTS/benat/smart-scalp-massager/07.png	https://cdn.shopify.com/s/files/1/0550/5351/6970/files/electricscalp2.png
PRODUCTS/benat/deodorant-2pack/01.jpg	https://cdn.shopify.com/s/files/1/0550/5351/6970/files/2-packlemon.jpg
PRODUCTS/benat/deodorant-2pack/02.jpg	https://cdn.shopify.com/s/files/1/0550/5351/6970/files/2-packteatree.jpg
PRODUCTS/benat/deodorant-2pack/03.jpg	https://cdn.shopify.com/s/files/1/0550/5351/6970/files/2-packlavender.jpg
PRODUCTS/benat/deodorant-2pack/04.jpg	https://cdn.shopify.com/s/files/1/0550/5351/6970/products/61GAYrxPQ5L.jpg
PRODUCTS/benat/deodorant-2pack/05.png	https://cdn.shopify.com/s/files/1/0550/5351/6970/products/Mesadetrabajo3_d64efc97-a364-4c4e-b497-b9ba936640c9.png
PRODUCTS/benat/deodorant-2pack/06.png	https://cdn.shopify.com/s/files/1/0550/5351/6970/files/Mesadetrabajo4_e796360e-c208-433b-a542-399e5e43499b.png
PRODUCTS/benat/deodorant-2pack/07.png	https://cdn.shopify.com/s/files/1/0550/5351/6970/products/Mesadetrabajo5_1cb6d62c-0762-442d-80a3-8d275c2f8ed0.png
PRODUCTS/benat/deodorant-2pack/08.png	https://cdn.shopify.com/s/files/1/0550/5351/6970/products/Mesadetrabajo8_6631f4a2-6c7d-456c-9bc0-ee7781733e66.png
PRODUCTS/benat/deodorant-2pack/09.jpg	https://cdn.shopify.com/s/files/1/0550/5351/6970/files/ecolemonnew_6fd06159-f373-49c6-9702-91c203dbadc6.jpg
PRODUCTS/benat/deodorant-2pack/10.jpg	https://cdn.shopify.com/s/files/1/0550/5351/6970/files/2-pack_L_G_main.jpg
PRODUCTS/benat/deodorant-2pack/11.jpg	https://cdn.shopify.com/s/files/1/0550/5351/6970/files/2-pack_L_TT_main.jpg
PRODUCTS/benat/deodorant-2pack/12.jpg	https://cdn.shopify.com/s/files/1/0550/5351/6970/files/2-pack_TT_R_main.jpg
PRODUCTS/benat/facial-rounds-pads-5pc/01.png	https://cdn.shopify.com/s/files/1/0550/5351/6970/products/34.png
PRODUCTS/benat/facial-rounds-pads-5pc/02.png	https://cdn.shopify.com/s/files/1/0550/5351/6970/files/reusable_pads_main.png
PRODUCTS/benat/facial-rounds-pads-5pc/03.png	https://cdn.shopify.com/s/files/1/0550/5351/6970/files/reusable_pad_lifestye.png
PRODUCTS/benat/facial-rounds-pads-5pc/04.jpg	https://cdn.shopify.com/s/files/1/0550/5351/6970/products/rs_w_1450_h_900_16.jpg
PRODUCTS/benat/facial-rounds-pads-5pc/05.jpg	https://cdn.shopify.com/s/files/1/0550/5351/6970/products/rs_w_1450_h_900_15.jpg
PRODUCTS/benat/facial-rounds-pads-5pc/06.jpg	https://cdn.shopify.com/s/files/1/0550/5351/6970/products/rs_w_1450_h_900_17.jpg
PRODUCTS/benat/facial-rounds-pads-5pc/07.png	https://cdn.shopify.com/s/files/1/0550/5351/6970/products/rs_w_1080_h_900_16.png
PRODUCTS/benat/bronzer-loose-powder/01.png	https://cdn.shopify.com/s/files/1/0550/5351/6970/files/image_5.png
PRODUCTS/benat/bronzer-loose-powder/02.png	https://cdn.shopify.com/s/files/1/0550/5351/6970/files/05_2_1.png
PRODUCTS/benat/bronzer-loose-powder/03.jpg	https://cdn.shopify.com/s/files/1/0550/5351/6970/products/translucentpowder1.jpg
PRODUCTS/benat/bronzer-loose-powder/04.png	https://cdn.shopify.com/s/files/1/0550/5351/6970/products/Bronzer2.png
PRODUCTS/benat/bronzer-loose-powder/05.png	https://cdn.shopify.com/s/files/1/0550/5351/6970/products/Bronzer1.png
PRODUCTS/benat/bronzer-loose-powder/06.png	https://cdn.shopify.com/s/files/1/0550/5351/6970/products/Bronzer3.png
PRODUCTS/benat/bronzer-loose-powder/07.jpg	https://cdn.shopify.com/s/files/1/0550/5351/6970/products/rs_w_1080_h_900_1.jpg
PRODUCTS/benat/bronzer-loose-powder/08.jpg	https://cdn.shopify.com/s/files/1/0550/5351/6970/products/LoosePowderLifestyle3_c8e2aa97-7443-4f39-ab02-39844eeb9173.jpg
PRODUCTS/benat/bronzer-loose-powder/09.jpg	https://cdn.shopify.com/s/files/1/0550/5351/6970/products/LoosePowderLifestyle_03f7dc21-f08c-47ab-88e6-b0866fa68527.jpg
PRODUCTS/benat/bronzer-loose-powder/10.jpg	https://cdn.shopify.com/s/files/1/0550/5351/6970/products/translucentpowder.jpg
PRODUCTS/benat/bronzer-loose-powder/11.png	https://cdn.shopify.com/s/files/1/0550/5351/6970/products/rs_w_1080_h_900_9.png
PRODUCTS/benat/bronzer-loose-powder/12.jpg	https://cdn.shopify.com/s/files/1/0550/5351/6970/products/Bronzer_600x_61b4fb27-73ff-4996-9160-44b9db818011.jpg
PRODUCTS/benat/bronzer-loose-powder/13.jpg	https://cdn.shopify.com/s/files/1/0550/5351/6970/products/LoosePowder_600x_91f0c455-3921-4b49-a6fc-457b9d9728b6.jpg
