PRODUCTS/livs/choline-iron/01.png	https://cdn.shopify.com/s/files/1/0565/3240/2356/files/Choline_750mg_Iron_30mg.png
PRODUCTS/livs/choline-iron/02.png	https://cdn.shopify.com/s/files/1/0565/3240/2356/files/Choline_750mg_Iron_30mg_Capsules.png
PRODUCTS/livs/choline-iron/03.jpg	https://cdn.shopify.com/s/files/1/0565/3240/2356/files/Choline_750mg_Iron_30mg_Results.jpg
PRODUCTS/livs/choline-iron/04.jpg	https://cdn.shopify.com/s/files/1/0565/3240/2356/files/The_Power_Of_Choline_750mg_Iron_30mg.jpg
PRODUCTS/livs/choline-iron/05.jpg	https://cdn.shopify.com/s/files/1/0565/3240/2356/files/Choline_750mg_Iron_30mg.jpg
PRODUCTS/livs/choline-iron/06.jpg	https://cdn.shopify.com/s/files/1/0565/3240/2356/files/Made_For_Your_Healty_Lifestyle.jpg
PRODUCTS/livs/choline-iron/07.jpg	https://cdn.shopify.com/s/files/1/0565/3240/2356/files/Nourish_Your_Brain.jpg
PRODUCTS/livs/choline-iron/08.png	https://cdn.shopify.com/s/files/1/0565/3240/2356/files/Supplement_Facts_Choline_750mg_Iron_30mg.png
PRODUCTS/livs/organic-spirulina/01.png	https://cdn.shopify.com/s/files/1/0565/3240/2356/files/Organic_Spirulina.png
PRODUCTS/livs/organic-spirulina/02.jpg	https://cdn.shopify.com/s/files/1/0565/3240/2356/files/Organic_Spirulina_capsules.jpg
PRODUCTS/livs/organic-spirulina/03.jpg	https://cdn.shopify.com/s/files/1/0565/3240/2356/files/Organic_spirulina_capsules_1230mg.jpg
PRODUCTS/livs/organic-spirulina/04.jpg	https://cdn.shopify.com/s/files/1/0565/3240/2356/files/Fuel_Your_Active_Lifestyle_Organic_spirulina_capsules.jpg
PRODUCTS/livs/organic-spirulina/05.jpg	https://cdn.shopify.com/s/files/1/0565/3240/2356/files/Spirulina_for_daily_antioxidant_support.jpg
PRODUCTS/livs/organic-spirulina/06.jpg	https://cdn.shopify.com/s/files/1/0565/3240/2356/files/60_day_supply_organic_spirulina_pills.jpg
PRODUCTS/livs/organic-spirulina/07.jpg	https://cdn.shopify.com/s/files/1/0565/3240/2356/files/Spirulina_supplement_for_natural_energy_recovery.jpg
PRODUCTS/livs/organic-spirulina/08.png	https://cdn.shopify.com/s/files/1/0565/3240/2356/files/Plant_based_spirulina_vegetarian_capsules.png
PRODUCTS/livs/apigenin-300mg/01.png	https://cdn.shopify.com/s/files/1/0565/3240/2356/files/Apigenin_300mg.png
PRODUCTS/livs/apigenin-300mg/02.png	https://cdn.shopify.com/s/files/1/0565/3240/2356/files/Supports_your_daily_wellness.png
PRODUCTS/livs/apigenin-300mg/03.png	https://cdn.shopify.com/s/files/1/0565/3240/2356/files/Supplement_Facts.png
PRODUCTS/livs/apigenin-300mg/04.jpg	https://cdn.shopify.com/s/files/1/0565/3240/2356/files/Supports_Recovery.jpg
PRODUCTS/livs/apigenin-300mg/05.jpg	https://cdn.shopify.com/s/files/1/0565/3240/2356/files/the_power_of_apigenin.jpg
PRODUCTS/livs/apigenin-300mg/06.png	https://cdn.shopify.com/s/files/1/0565/3240/2356/files/Why_Choose_livs_Apigenin.png
PRODUCTS/livs/apigenin-300mg/07.png	https://cdn.shopify.com/s/files/1/0565/3240/2356/files/Best_Apigenin_300mg_capsules.png
PRODUCTS/livs/akkermansia-inulin/01.png	https://cdn.shopify.com/s/files/1/0565/3240/2356/files/Best_Akkermansia.png
PRODUCTS/livs/akkermansia-inulin/02.jpg	https://cdn.shopify.com/s/files/1/0565/3240/2356/files/Akkermansia_muciniphila_supplement.jpg
PRODUCTS/livs/akkermansia-inulin/03.jpg	https://cdn.shopify.com/s/files/1/0565/3240/2356/files/Key_Benifits.jpg
PRODUCTS/livs/akkermansia-inulin/04.jpg	https://cdn.shopify.com/s/files/1/0565/3240/2356/files/Made_for_your_healthy_lifestyle.jpg
PRODUCTS/livs/akkermansia-inulin/05.jpg	https://cdn.shopify.com/s/files/1/0565/3240/2356/files/Why_Choose_LIVS.jpg
PRODUCTS/livs/akkermansia-inulin/06.jpg	https://cdn.shopify.com/s/files/1/0565/3240/2356/files/How_It_Works.jpg
PRODUCTS/livs/akkermansia-inulin/07.jpg	https://cdn.shopify.com/s/files/1/0565/3240/2356/files/Advanced_Gut_Support.jpg
PRODUCTS/livs/akkermansia-inulin/08.jpg	https://cdn.shopify.com/s/files/1/0565/3240/2356/files/Supplement_Facts.jpg
PRODUCTS/livs/turkesterone-1500mg/01.png	https://cdn.shopify.com/s/files/1/0565/3240/2356/files/Turkesterone_1_500mg.png
PRODUCTS/livs/turkesterone-1500mg/02.jpg	https://cdn.shopify.com/s/files/1/0565/3240/2356/files/Best_Turkesterone_1_500mg.jpg
PRODUCTS/livs/turkesterone-1500mg/03.jpg	https://cdn.shopify.com/s/files/1/0565/3240/2356/files/Ajuga_Turkestanica_extract_supplement.jpg
PRODUCTS/livs/turkesterone-1500mg/04.png	https://cdn.shopify.com/s/files/1/0565/3240/2356/files/Shop_Turkesterone_1500mg_capsules.png
PRODUCTS/livs/turkesterone-1500mg/05.jpg	https://cdn.shopify.com/s/files/1/0565/3240/2356/files/High_potency_phytoecdysteroid_supplement.jpg
PRODUCTS/livs/turkesterone-1500mg/06.jpg	https://cdn.shopify.com/s/files/1/0565/3240/2356/files/Non-GMO_gluten-free_Turkesterone.jpg
PRODUCTS/livs/turkesterone-1500mg/07.jpg	https://cdn.shopify.com/s/files/1/0565/3240/2356/files/Lean_muscle_support_and_workout_recovery.jpg
PRODUCTS/livs/tongkat-ali-900mg/01.png	https://cdn.shopify.com/s/files/1/0565/3240/2356/files/Tongkat_Ali_900mg.png
PRODUCTS/livs/tongkat-ali-900mg/02.jpg	https://cdn.shopify.com/s/files/1/0565/3240/2356/files/Tongkat_Ali_900mg_capsules.jpg
PRODUCTS/livs/tongkat-ali-900mg/03.jpg	https://cdn.shopify.com/s/files/1/0565/3240/2356/files/Best_Tongkat_Ali_900mg_capsules.jpg
PRODUCTS/livs/tongkat-ali-900mg/04.jpg	https://cdn.shopify.com/s/files/1/0565/3240/2356/files/Eurycoma_longifolia_Jack_supplement_120_capsules.jpg
PRODUCTS/livs/tongkat-ali-900mg/05.jpg	https://cdn.shopify.com/s/files/1/0565/3240/2356/files/Tongkat_Ali_muscle_strength_endurance_supplement.jpg
PRODUCTS/livs/tongkat-ali-900mg/06.jpg	https://cdn.shopify.com/s/files/1/0565/3240/2356/files/Natural_energy_and_mood_support_supplement.jpg
PRODUCTS/livs/tongkat-ali-900mg/07.jpg	https://cdn.shopify.com/s/files/1/0565/3240/2356/files/Tongkat_Ali_for_men_vitality_and_testosterone_support.jpg
PRODUCTS/livs/berberine-1500mg/01.png	https://cdn.shopify.com/s/files/1/0565/3240/2356/files/Berberine_1500mg.png
PRODUCTS/livs/berberine-1500mg/02.jpg	https://cdn.shopify.com/s/files/1/0565/3240/2356/files/Supports_What_Matters_Most.jpg
PRODUCTS/livs/berberine-1500mg/03.png	https://cdn.shopify.com/s/files/1/0565/3240/2356/files/Pure_Natural_Trusted.png
PRODUCTS/livs/berberine-1500mg/04.png	https://cdn.shopify.com/s/files/1/0565/3240/2356/files/EmpoweringBetter_Health_Every_Day.png
PRODUCTS/livs/berberine-1500mg/05.jpg	https://cdn.shopify.com/s/files/1/0565/3240/2356/files/Made_for_Your_Daily_Wellness.jpg
PRODUCTS/livs/berberine-1500mg/06.png	https://cdn.shopify.com/s/files/1/0565/3240/2356/files/Why_Choose_Livs_Berberine.png
PRODUCTS/livs/berberine-1500mg/07.jpg	https://cdn.shopify.com/s/files/1/0565/3240/2356/files/Best_Berberine_1500mg_capsules.jpg
PRODUCTS/livs/berberine-1500mg/08.png	https://cdn.shopify.com/s/files/1/0565/3240/2356/files/Berberine_1500mg_capsules_Facts.png
PRODUCTS/livs/berberine-capsules/01.png	https://cdn.shopify.com/s/files/1/0565/3240/2356/files/LV4382Berberine90ct-2.png
PRODUCTS/livs/berberine-capsules/02.png	https://cdn.shopify.com/s/files/1/0565/3240/2356/files/B06ZYHZNHR62.png
PRODUCTS/livs/berberine-capsules/03.png	https://cdn.shopify.com/s/files/1/0565/3240/2356/files/Frame337402.png
PRODUCTS/livs/berberine-capsules/04.png	https://cdn.shopify.com/s/files/1/0565/3240/2356/files/B06ZYHZNHR63.png
PRODUCTS/livs/berberine-capsules/05.png	https://cdn.shopify.com/s/files/1/0565/3240/2356/files/B06ZYHZNHR64.png
PRODUCTS/livs/berberine-capsules/06.png	https://cdn.shopify.com/s/files/1/0565/3240/2356/files/Frame337403.png
PRODUCTS/livs/trace-minerals-complex/01.png	https://cdn.shopify.com/s/files/1/0565/3240/2356/files/Trace.png
PRODUCTS/livs/trace-minerals-complex/02.png	https://cdn.shopify.com/s/files/1/0565/3240/2356/files/B06ZYHZNHR73.png
PRODUCTS/livs/trace-minerals-complex/03.png	https://cdn.shopify.com/s/files/1/0565/3240/2356/files/Frame337408.png
PRODUCTS/livs/trace-minerals-complex/04.png	https://cdn.shopify.com/s/files/1/0565/3240/2356/files/B06ZYHZNHR71.png
PRODUCTS/livs/trace-minerals-complex/05.png	https://cdn.shopify.com/s/files/1/0565/3240/2356/files/4_291a75f8-3479-435b-9d1f-f94649a596ea.png
PRODUCTS/livs/trace-minerals-complex/06.png	https://cdn.shopify.com/s/files/1/0565/3240/2356/files/Frame337409.png
PRODUCTS/livs/raw-shilajit/01.png	https://cdn.shopify.com/s/files/1/0565/3240/2356/files/29_6cd8c4ff-a663-465d-a080-abce9c521220.png
PRODUCTS/livs/raw-shilajit/02.png	https://cdn.shopify.com/s/files/1/0565/3240/2356/files/B06ZYHZNHR40.png
PRODUCTS/livs/raw-shilajit/03.png	https://cdn.shopify.com/s/files/1/0565/3240/2356/files/Frame337373.png
PRODUCTS/livs/raw-shilajit/04.png	https://cdn.shopify.com/s/files/1/0565/3240/2356/files/B06ZYHZNHR38.png
PRODUCTS/livs/raw-shilajit/05.png	https://cdn.shopify.com/s/files/1/0565/3240/2356/files/B06ZYHZNHR39.png
PRODUCTS/livs/raw-shilajit/06.png	https://cdn.shopify.com/s/files/1/0565/3240/2356/files/19_3500ccc3-f20b-4772-8721-08c7f4294a79.png
PRODUCTS/livs/raw-shilajit/07.png	https://cdn.shopify.com/s/files/1/0565/3240/2356/files/21_33da390b-71fc-4360-864f-5623397f341a.png
PRODUCTS/livs/raw-shilajit/08.png	https://cdn.shopify.com/s/files/1/0565/3240/2356/files/Frame337374.png
PRODUCTS/livs/raw-shilajit/09.png	https://cdn.shopify.com/s/files/1/0565/3240/2356/files/25.png
PRODUCTS/livs/womens-shilajit/01.png	https://cdn.shopify.com/s/files/1/0565/3240/2356/files/28_f4c17c63-926b-48ef-b2fa-a3a97dc969bc.png
PRODUCTS/livs/womens-shilajit/02.png	https://cdn.shopify.com/s/files/1/0565/3240/2356/files/B06ZYHZNHR67.png
PRODUCTS/livs/womens-shilajit/03.png	https://cdn.shopify.com/s/files/1/0565/3240/2356/files/Frame337404.png
PRODUCTS/livs/womens-shilajit/04.png	https://cdn.shopify.com/s/files/1/0565/3240/2356/files/B06ZYHZNHR65.png
PRODUCTS/livs/womens-shilajit/05.png	https://cdn.shopify.com/s/files/1/0565/3240/2356/files/B06ZYHZNHR66.png
PRODUCTS/livs/womens-shilajit/06.png	https://cdn.shopify.com/s/files/1/0565/3240/2356/files/Frame337405.png
PRODUCTS/livs/womens-shilajit/07.png	https://cdn.shopify.com/s/files/1/0565/3240/2356/files/16_841a4915-1e9d-4cca-8e4c-6d2570c00206.png
PRODUCTS/livs/mens-shilajit/01.png	https://cdn.shopify.com/s/files/1/0565/3240/2356/files/27_e8d19298-1889-4fdc-ab12-00d814520bf8.png
PRODUCTS/livs/mens-shilajit/02.png	https://cdn.shopify.com/s/files/1/0565/3240/2356/files/2_7bbf0256-7720-4afd-8b1a-2373bd1084cc.png
PRODUCTS/livs/mens-shilajit/03.png	https://cdn.shopify.com/s/files/1/0565/3240/2356/files/3_0fe06c88-8cd9-4ed3-a602-2fe04b521be5.png
PRODUCTS/livs/mens-shilajit/04.png	https://cdn.shopify.com/s/files/1/0565/3240/2356/files/4_18930ae5-bf19-4c23-81f3-932c6f4df09a.png
PRODUCTS/livs/mens-shilajit/05.png	https://cdn.shopify.com/s/files/1/0565/3240/2356/files/6_b7f60ed8-0597-45cb-a596-676c2ac92166.png
PRODUCTS/livs/mens-shilajit/06.png	https://cdn.shopify.com/s/files/1/0565/3240/2356/files/8_b0febcbc-ce29-4d55-93cd-e58ef9f153db.png
